1669697142818,7963726282786,Open Box – Bezzera Magica E61 Espresso Machine w/ PID |641| Used
1669697142818,7963727298594,Open Box – Bezzera Magica E61 Espresso Machine w/ PID |641| Used
1669697142818,7963729330210,Bezzera Magica E61 Espresso Machine w/ PID |641| - Used
1669697142818,7963729756194,Bezzera Magica E61 Espresso Machine w/ PID |641| - Used
7199162269730,7964428304418,Sanremo Cube R Espresso Machine – Green |621| - - 45 day return
7199162335266,7964428337186,Sanremo Cube R Espresso Machine – White |622| - - 45 day return
7199162269730,7964428632098,Sanremo Cube R Espresso Machine – Green |621| - - 45 day return
7199162269730,7964428664866,Sanremo Cube R Espresso Machine – Green |621| - - 45 day return
7199162269730,7964429516834,Sanremo Cube R Espresso Machine – Green |621| - - 45 day return
7199162335266,7964429549602,Sanremo Cube R Espresso Machine – White |622| - - 45 day return
7199162269730,7964430729250,Sanremo Cube R Espresso Machine – Green |621| - - 45 day return
7155281264674,7966890524706,Slayer Espresso Single Group - 220v |K2| - Open Box
1691964440610,7969409204258,Pullman Barista Tamper - Spalted Chestnut - w/ BigStep Base |562| - Return
1691964440610,7969413267490,Pullman Barista Tamper - Spalted Chestnut - w/ BigStep Base |562| - Return
1691964440610,7969414545442,Pullman Barista Tamper - Spalted Chestnut - w/ BigStep Base |562| - Return
7851384963106,7969415200802,Quick Mill Pop-up Espresso Machine - Stainless Steel |562| - Return
