gid://shopify/Product/8024095359010|Profitec Go Espresso Machine - Yellow |YYC-SR1| - Store Demo|Profitec|OB-2507-YYC-SR1-PRO-GO-Y|1279.2
gid://shopify/Product/8024094146594|Profitec Pro 400 Espresso Machine - White |SR111| - Store Demo|Profitec|OB-2507-SR111-PRO-400-W|1949.25
gid://shopify/Product/8024093360162|Profitec Go Espresso Machine - Red |K61| - Open Box|Profitec|OB-2507-K61-PRO-GO-R|1279.2
gid://shopify/Product/8020524531746|Profitec Pro 500 Espresso Machine w/ Quick Steam |K52| - Open Box|Profitec|OB-2507-K52-SA-PRO-P500-QS|2359.2
gid://shopify/Product/8020524302370|Profitec Twist A54 Espresso Grinder |K50| - Open Box|Profitec|OB-2507-K50-CG-PRO-A54|721.65
gid://shopify/Product/8020521713698|Profitec Twist A54 Espresso Grinder |YYC-157| - Return|Profitec|OB-2507-YYC-157-CG-PRO-A54|679.2
gid://shopify/Product/8018498846754|ECM/Profitec Tamper - 58mm|Profitec|ECM-PR58-T|60.45
gid://shopify/Product/7989056176162|Profitec Twist SD54 Single Dose Grinder|Profitec|PRO-SD54|1079
gid://shopify/Product/7936366968866|Profitec RIDE Dual Boiler Espresso Machine|Profitec|PRO-RIDE|3590
gid://shopify/Product/7896839684130|Profitec Side Panels for Pro 600 - Set of 2 - Concrete |928|  - Open Box|Profitec|OB-2501A-928-PRO-C-PR5704|175
gid://shopify/Product/7877874057250|Profitec IMS Shower Screen|Profitec|PRO-IMS-SCR|45
gid://shopify/Product/7877873467426|Profitec Single Dose Bellow|Profitec|PRO-SDBLW|100
gid://shopify/Product/7877868683298|Profitec Barista Towels|Profitec|PRO-BAR-TW|30
gid://shopify/Product/7877868453922|Profitec Cleaning Brush|Profitec|PRO-BRUSH|30
gid://shopify/Product/7877865734178|Profitec Modular Bottomless Portafilter|Profitec|PRO-MBLPS|110
gid://shopify/Product/7877864718370|Profitec Silicone Spout Attachment - Dual Spout|Profitec|PRO-PFSA-D|15
gid://shopify/Product/7877864390690|Profitec Silicone Spout Attachment - Single Spout|Profitec|PRO-PFSA-S|15
gid://shopify/Product/7868481011746|Profitec Twist A54 Espresso Grinder|Profitec|CG-PRO-A54|849
gid://shopify/Product/7844463476770|Profitec JUMP Espresso Machine|Profitec|PRO-JUMP|2799
gid://shopify/Product/7828733329442|Profitec Pro 400 Espresso Machine - White|Profitec|PRO-400-W|2599
gid://shopify/Product/7828732215330|Profitec Pro 400 Espresso Machine - Black|Profitec|PRO-400-B|2599
gid://shopify/Product/7779055304738|Profitec MOVE Espresso Machine|Profitec|PRO-MOVE-B|2999
gid://shopify/Product/7774878990370|Profitec Tamper Handle - Concrete |622| Return|Profitec|OB-2408A-622PRO-C-PR5703|60
gid://shopify/Product/7774878564386|Profitec Tamper Handle - Concrete |870| Open Box|Profitec|OB-2408A-870PRO-C-PR5703|60
gid://shopify/Product/7689635594274|Profitec Go Espresso Machine - Brushed Stainless Steel|Profitec|PRO-GO-BSS|1599
gid://shopify/Product/7319564353570|Profitec Espresso Cups - Set of 4|Profitec|PRO-ESP-4|95
gid://shopify/Product/7319556096034|Profitec Cappuccino Cups - Set of 4|Profitec|PRO-CAP-4|125
gid://shopify/Product/7258559774754|Profitec Side Panels for Pro T64 - Set of 2 - American Walnut|Profitec|PRO-C-PR5725|245
gid://shopify/Product/7258559709218|Profitec Tamper Handle - American Walnut|Profitec|PRO-C-PR5723|75
gid://shopify/Product/7258559545378|Profitec Side Panels for Pro T64 - Set of 2 - Oak|Profitec|PRO-C-PR5715|215
gid://shopify/Product/7258559512610|Profitec Side Panels for Pro 600 - Set of 2 - Oak|Profitec|PRO-C-PR5717|125
gid://shopify/Product/7258559479842|Profitec Tamper Handle - Oak|Profitec|PRO-C-PR5713|75
gid://shopify/Product/7258559447074|Profitec Portafilter Handle - Oak|Profitec|PRO-C-PR5712|105
gid://shopify/Product/7258559414306|Profitec Valves - Set of 2 - Lever + 1 Brew Lever - Oak|Profitec|PRO-C-PR5711|155
gid://shopify/Product/7258559381538|Profitec Tamper Station - Concrete|Profitec|PRO-C-PR5706|125
gid://shopify/Product/7258559348770|Profitec Side Panels for Pro T64 - Set of 2 - Concrete|Profitec|PRO-C-PR5705|230
gid://shopify/Product/7258559316002|Profitec Side Panels for Pro 600 - Set of 2 - Concrete|Profitec|PRO-C-PR5704|310
gid://shopify/Product/7258559283234|Profitec Tamper Handle - Concrete|Profitec|PRO-C-PR5703|105
gid://shopify/Product/7258559250466|Profitec Portafilter Handle - Concrete|Profitec|PRO-C-PR5702|125
gid://shopify/Product/7258559217698|Profitec Valves - Set of 2 - Lever + 1 Brew Lever - Concrete|Profitec|PRO-C-PR5701|230
gid://shopify/Product/7181039599650|Profitec Group Gasket - 7.8mm|Profitec|PRO-78-GG|9.95
gid://shopify/Product/7160318984226|Profitec Knock Drawer - Black|Profitec|PRO-KBD-B|269
gid://shopify/Product/7160315445282|Profitec Tamper Station|Profitec|PRO-TS|109
gid://shopify/Product/7119321366562|Profitec GO Espresso Machine - Blue|Profitec|PRO-GO-BL|1599
gid://shopify/Product/7119321301026|Profitec Go Espresso Machine - Yellow|Profitec|PRO-GO-Y|1599
gid://shopify/Product/7119321071650|Profitec Go Espresso Machine - Red|Profitec|PRO-GO-R|1599
gid://shopify/Product/7119309373474|Profitec Go Espresso Machine - Black|Profitec|PRO-GO-BLK|1599
gid://shopify/Product/6998226010146|Profitec Milk Frothing Pitcher - 500 ml|Profitec|PRO-MP500|79.95
gid://shopify/Product/6993354096674|Profitec Pro 400 Espresso Machine|Profitec|PRO-400|2599
gid://shopify/Product/6990523203618|Profitec Pro 800 Espresso Machine|Profitec|PRO-800-22|4499
gid://shopify/Product/6805776465954|Profitec Pro T64 Coffee Grinder|Profitec|CG-PRO-T64|1199
gid://shopify/Product/6804051329058|Profitec Pro 500 Espresso Machine w/ Quick Steam|Profitec|SA-PRO-P500-QS|2949
gid://shopify/Product/6581125513250|Profitec Knock Drawer - Chrome|Profitec|PRO-KBD|269
gid://shopify/Product/4853953134626|Profitec Tamping Pad|Profitec|ACC-PRO-PAD|39
gid://shopify/Product/4383739772962|Profitec Pro 500 Espresso Machine w/ PID and Flow Control|Profitec|SA-PRO-PT500-FC|3049
gid://shopify/Product/4334999633954|Profitec E61 Flow Control Device|Profitec|PRO-FCD|299
gid://shopify/Product/5430583105|Profitec Pro 500 Espresso Machine w/ PID|Profitec|SA-PRO-PT500-B23|2779
gid://shopify/Product/8024094343202|Eureka Olympus 75 E |SR114| - Store Demo|Eureka|OB-2507-SR114-CG-EUR-OLY|1250
gid://shopify/Product/8024094212130|Eureka Atom Excellence 65 Grinder - White |SR112| - Store Demo|Eureka|OB-2507-SR112-EUR-ATME-65-W|1133.3
gid://shopify/Product/8024092672034|Eureka Atom W 75 Grind By Weight Espresso Grinder - Matte Black |YYC-163| - Store Demo|Eureka|OB-2507-YYC-163-EUR-ATMW-75-B|2005.15
gid://shopify/Product/8020475084834|Eureka Mignon Libra 65 AP Grind by Weight - Chrome |667| - Return|Eureka|OB-2507-667-EUR-MIG-L65-C|1079.2
gid://shopify/Product/8020467941410|Eureka Atom Excellence 65 Grinder - Ferrari Red |660| - Used|Eureka|OB-2507-660-EUR-ATME-65-R|1052.35
gid://shopify/Product/8020465254434|Eureka Mignon Libra 65 AP Grind by Weight - Chrome |657| - Return|Eureka|OB-2507-657-EUR-MIG-L65-C|1079.2
gid://shopify/Product/7987858243618|Eureka Mignon Zero - Blue|Eureka|CG-EUR-Z-B|599
gid://shopify/Product/7987858210850|Eureka Mignon Zero - Pale Blue|Eureka|CG-EUR-Z-PB|599
gid://shopify/Product/7987858178082|Eureka Mignon Zero - Silver|Eureka|CG-EUR-Z-S|599
gid://shopify/Product/7987858145314|Eureka Mignon Zero - Yellow|Eureka|CG-EUR-Z-Y|599
gid://shopify/Product/7987858079778|Eureka Mignon Zero - Red|Eureka|CG-EUR-Z-R|599
gid://shopify/Product/7987852476450|Eureka Mignon Libra 65 AP Grind by Weight - Silver|Eureka|EUR-MIG-L65-S|1299
gid://shopify/Product/7987849429026|Eureka Mignon Manuale Grinder - Black|Eureka|EUR-MIN-B|399
gid://shopify/Product/7981221249058|Eureka Mignon Silenzio 55 Grinder - Yellow|Eureka|CG-EUR-SZ-55-Y|699
gid://shopify/Product/7981141950498|Eureka Mignon Zero 65 AP – Red|Eureka|EUR-MIG-Z65-R|749
gid://shopify/Product/7981141917730|Eureka Mignon Zero 65 AP – Silver|Eureka|EUR-MIG-Z65-S|749
gid://shopify/Product/7959051567138|Eureka Black Diamond All-Purpose Burr Set|Eureka|EUR-B65-AP|250
gid://shopify/Product/7959051501602|Eureka Black Diamond Espresso Burr Set|Eureka|EUR-B65-E|195
gid://shopify/Product/7959051436066|Eureka Black Diamond Brew Burr Set|Eureka|EUR-B65-B|195
gid://shopify/Product/7959051075618|Eureka Black Diamond Specialty Burr Set|Eureka|EUR-B65-S|195
gid://shopify/Product/7958408724514|Eureka Mignon Zero - Black w/ Black Spout|Eureka|CG-EUR-Z-BB|499
gid://shopify/Product/7958408691746|Eureka Mignon Zero - White w/ Black Spout|Eureka|CG-EUR-Z-WB|499
gid://shopify/Product/7877878022178|Eureka Digital Scale Precisa with Bluetooth|Eureka|EUR-PRI-BL|150
gid://shopify/Product/7877877858338|Eureka Mignon Glass Bean Hopper|Eureka|EUR-GLH|235
gid://shopify/Product/7850754768930|Eureka Mignon Zero 65 AP - Chrome|Eureka|EUR-MIG-Z65-C|799
gid://shopify/Product/7850754670626|Eureka Mignon Zero 65 AP - White|Eureka|EUR-MIG-Z65-W|749
gid://shopify/Product/7850745659426|Eureka Mignon Libra 65 AP Grind by Weight - Red|Eureka|EUR-MIG-L65AP-R|1299
gid://shopify/Product/7850745528354|Eureka Mignon Libra 65 AP Grind by Weight - Chrome|Eureka|EUR-MIG-L65-C|1349
gid://shopify/Product/7850745495586|Eureka Mignon Libra 65 AP Grind by Weight - Dark Teal Blue|Eureka|EUR-MIG-L65AP-TB|1299
gid://shopify/Product/7850724294690|Eureka Mignon Libra 65 AP Grind by Weight - Black|Eureka|EUR-MIG-L65-B|1299
gid://shopify/Product/7850723115042|Eureka Mignon Zero 65 AP - Black|Eureka|EUR-MIG-Z65-B|749
gid://shopify/Product/7840861487138|Eureka Blow Up System - Short Hopper|Eureka|EUR-BUS-SH|179
gid://shopify/Product/7794504859682|Eureka Oak Hopper Lid|Eureka|EUR-OAK-LID|50
gid://shopify/Product/7794504433698|Eureka Walnut Hopper Lid|Eureka|EUR-WA-LID|50
gid://shopify/Product/7794503942178|Eureka Stainless Steel Hopper Lid|Eureka|EUR-SS-LID|70
gid://shopify/Product/7794478252066|Eureka Weighing Plate for Precisa Scale|Eureka|EUR-WP-PRE|30
gid://shopify/Product/7783922728994|Eureka Mignon Libra Espresso Grinder w/ Grind by Weight - Ferrari Red|Eureka|EUR-MIG-LI-R|1099
gid://shopify/Product/7781398708258|Eureka Mignon Silenzio 55 Grinder - Pale Blue|Eureka|CG-EUR-SZ-55-PB|729
gid://shopify/Product/7781398675490|Eureka Mignon Silenzio 55 Grinder - Red|Eureka|CG-EUR-SZ-55-RE|699
gid://shopify/Product/7781398642722|Eureka Mignon Silenzio 55 Grinder - White|Eureka|CG-EUR-SZ-55-WH|699
gid://shopify/Product/7781398577186|Eureka Mignon Silenzio 55 Grinder - Silver|Eureka|CG-EUR-SZ-55-SI|699
gid://shopify/Product/7781398511650|Eureka Mignon Silenzio 55 Grinder - Amaranth|Eureka|CG-EUR-SZ-55-AM|729
gid://shopify/Product/7781361254434|Eureka Mignon Silenzio 55 Grinder - Matte Black|Eureka|CG-EUR-SZ-55-MB|699
gid://shopify/Product/7740005318690|Eureka Atom W 65 Grind By Weight Espresso Grinder - White|Eureka|EUR-ATMW-65-W|1819
gid://shopify/Product/7740004466722|Eureka Atom W 75 Grind By Weight Espresso Grinder - White|Eureka|EUR-ATMW-75-W|2359
gid://shopify/Product/7341725155362|Eureka Atom Excellence 75 Burr Grinder - Red|Eureka|EUR-ATME-75-G-R|2019
gid://shopify/Product/7337391226914|Eureka Atom Excellence 65 Grinder - Ferrari Red|Eureka|EUR-ATME-65-R|1619
gid://shopify/Product/7337380446242|Eureka Atom Excellence 65 Grinder - Grey|Eureka|EUR-ATME-65-G|1619
gid://shopify/Product/7337368846370|Eureka Atom Excellence 75 Burr Grinder - White|Eureka|EUR-ATME-75-G-W|2019
gid://shopify/Product/7337368485922|Eureka Atom Excellence 75 Burr Grinder - Matte Black|Eureka|EUR-ATME-75-G-B|2019
gid://shopify/Product/7337367404578|Eureka Atom Excellence 75 Burr Grinder - Grey|Eureka|EUR-ATME-75-G|2019
gid://shopify/Product/7273541271586|Eureka Baby Grinder - Glass + Anodized Aluminium|Eureka|CG-EUR-BG-A|299.95
gid://shopify/Product/7273540059170|Eureka Baby Grinder - Glass + Walnut|Eureka|CG-EUR-BG-W|369.95
gid://shopify/Product/7273528328226|Eureka Baby Grinder - Ceramic + Olive|Eureka|CG-EUR-BG-O|419.95
gid://shopify/Product/7207966113826|Eureka Tamping Station - Double / Walnut|Eureka|EUR-TS-D-W|125
gid://shopify/Product/7207966081058|Eureka Tamping Station - Double / Natural Oak|Eureka|EUR-TS-D-O|120
gid://shopify/Product/7175701233698|Eureka Dosing Funnel for Mignon Series Grinders - Chrome|Eureka|EUR-DF-M-C|60
gid://shopify/Product/7175699726370|Eureka Dosing Funnel for Mignon Series Grinders - Black|Eureka|EUR-DF-M-B|60
gid://shopify/Product/7174326091810|Eureka Mignon Libra Espresso Grinder w/ Grind by Weight - White|Eureka|EUR-MIG-LI-W|1099
gid://shopify/Product/7150651572258|Eureka Mignon Hopper Cleaning Kit - Smoked|Eureka|EUR-MHK-S|150
gid://shopify/Product/7105043136546|Eureka Mignon Zero - Chrome|Eureka|CG-EUR-Z-CR|599
gid://shopify/Product/7105039564834|Eureka Mignon Zero - Matte Black|Eureka|CG-EUR-Z-MB|569
gid://shopify/Product/7105036746786|Eureka Mignon Zero - White|Eureka|CG-EUR-Z-W|569
gid://shopify/Product/7104937066530|Eureka Mignon Zero - Anthracite|Eureka|CG-EUR-Z-A|599
gid://shopify/Product/7065550585890|Eureka Zenith 65 Neo - Chrome|Eureka|CG-EUR-ZEN-C|1299
gid://shopify/Product/7022358560802|Eureka Mignon Single Dose Hopper|Eureka|EUR-MSDH|65
gid://shopify/Product/7021347209250|Eureka Precisa Smart Coffee Scale|Eureka|EUR-PRE|120
gid://shopify/Product/7021340426274|Eureka Mignon Hopper Cleaning Kit - Transparent|Eureka|EUR-MHK|135
gid://shopify/Product/7014829096994|Eureka Zenith 65 Neo - White|Eureka|CG-EUR-ZEN-W|1199
gid://shopify/Product/7011525558306|Eureka Helios 65 Espresso Grinder - White|Eureka|EUR-HE-65-W|1479
gid://shopify/Product/7011521134626|Eureka Helios 65 Espresso Grinder - Chrome|Eureka|EUR-HE-65-C|1579
gid://shopify/Product/7011515269154|Eureka Mignon Brew Pro Burr Grinder - White|Eureka|EUR-BRP-W|849
gid://shopify/Product/7011503112226|Eureka Mignon Facile Grinder - White|Eureka|CG-EUR-FAC-W|449
gid://shopify/Product/6887509196834|Eureka Mignon Single Dose Blow Up Cleaning|Eureka|EUR-BUC|70
gid://shopify/Product/6887506640930|Eureka Handbrew Cup|Eureka|EUR-HBC|55
gid://shopify/Product/6887497596962|Eureka Dosing Cup|Eureka|EUR-DC|50
gid://shopify/Product/6551195779106|Eureka Mignon Knock Box (Drawer) with Tamping Station|Eureka|ACC-EUR-KBD|179.95
gid://shopify/Product/6551145316386|Eureka Mignon Crono Burr Grinder - Matte Black|Eureka|CG-EUR-MIG-CRO|299
gid://shopify/Product/3815075905570|Eureka Mignon Facile Grinder - Black|Eureka|CG-EUR-FAC-B|449
gid://shopify/Product/5430848513|Eureka Zenith 65 Neo - Black|Eureka|CG-EUR-ZEN|1199
gid://shopify/Product/8026445742114|ECM Mechanika Slim PID Espresso Machine |K54| - Open Box|ECM|OB-2507-K54-ECM-MECH-VI-PID|2399.2
gid://shopify/Product/8024092868642|ECM Puristika Espresso Machine - Cream |714| - Return|ECM|OB-2507-714-ECM-PUR-C|1839.2
gid://shopify/Product/8020524892194|ECM Synchronika Espresso Machine - Dual Boiler w/ PID - White |K57| - Open Box|ECM|OB-2507-K57-SA-ECM-SYN-WH|3695
gid://shopify/Product/8020524826658|ECM C-Manuale 54 Burr Grinder - Cream |K56| - Open Box|ECM|OB-2507-K56-CG-ECM-C54-C|546.75
gid://shopify/Product/8020499955746|ECM Mechanika Slim PID Espresso Machine |YYC-145| - Return|ECM|OB-2507-YYC-145-ECM-MECH-VI-PID|2399.2
gid://shopify/Product/7957113405474|ECM AquaAroma Crema Water Softener Adapter Kit|ECM|ECM-AAC-A|30
gid://shopify/Product/7845812076578|ECM/Profitec AquaAroma Crema Water Softener|ECM|ECM-AAC|40
gid://shopify/Product/7753102393378|ECM Synchronika II Dual Boiler Espresso Machine with PID - Chrome|ECM|SA-ECM-SYN-II|4799
gid://shopify/Product/7746055045154|ECM Mechanika Slim PID Espresso Machine|ECM|ECM-MECH-VI-PID|2999
gid://shopify/Product/7709297803298|ECM Synchronika Espresso Machine - Dual Boiler w/ PID - Heritage Edition|ECM|SA-ECM-SYN-H|3995
gid://shopify/Product/7411586105378|ECM Accessories Organizer|ECM|ECM-AO|120
gid://shopify/Product/7411490521122|ECM + IMS Shower Screen for E61 Group|ECM|ECM-IMS-SS|55
gid://shopify/Product/7411480428578|ECM + IMS Precision Basket - 20-22 grams|ECM|ECM-IMS-22|55
gid://shopify/Product/7411480199202|ECM + IMS Precision Basket - 10-12 grams|ECM|ECM-IMS-12|55
gid://shopify/Product/7411470336034|ECM Tamper Heritage Edition|ECM|ECM-H-TAMP|200
gid://shopify/Product/7383714627618|ECM Synchronika Espresso Machine - Dual Boiler w/ PID - White|ECM|SA-ECM-SYN-WH|3995
gid://shopify/Product/7319501832226|ECM Cappuccino Cup|ECM|ECM-CAP-CUP|50
gid://shopify/Product/7319483973666|ECM Espresso Cups - Set of 2|ECM|ECM-ESP-CUPS-2|70
gid://shopify/Product/7319468081186|ECM Shot Mirror|ECM|ECM-SHOT-MIRROR|55
gid://shopify/Product/7208852881442|ECM Mechanika Max Espresso Machine|ECM|ECM-MECH-MAX|3599
gid://shopify/Product/7176476622882|ECM Mechanika VI Slim Espresso Machine|ECM|ECM-MECH-VI|2699
gid://shopify/Product/7170358411298|ECM S-Manuale 64 Burr Grinder - Heritage Edition|ECM|CG-ECM-C54-H|949
gid://shopify/Product/7167999967266|ECM Knock Drawer - Heritage Line|ECM|ECM-KD-H|299.95
gid://shopify/Product/7163018543138|ECM Mechanika VI Slim Espresso Machine - Heritage Edition|ECM|SA-ECM-MES-H|2795
gid://shopify/Product/7160319639586|ECM Tamping Stand - Anthracite|ECM|ECM-TS-ANT|109
gid://shopify/Product/7051498913826|ECM C-Manuale 54 Burr Grinder - Anthracite|ECM|CG-ECM-C54-A|729
gid://shopify/Product/7005557260322|ECM Milk Frothing Pitcher - 600 ml|ECM|ECM-MP600|60
gid://shopify/Product/6991225225250|ECM C-Manuale 54 Burr Grinder - Cream|ECM|CG-ECM-C54-C|729
gid://shopify/Product/6991223586850|ECM Puristika Espresso Machine - Cream|ECM|ECM-PUR-C|2299
gid://shopify/Product/6969790267426|ECM Equipment Holder|ECM|ACC-ECH-H|225
gid://shopify/Product/6897551441954|ECM Puristika Espresso Machine|ECM|ECM-PUR|2199
gid://shopify/Product/6581130264610|ECM Adjustable Stainless Steel Tamping Station|ECM|ECM-ATST|225
gid://shopify/Product/6580148174882|ECM Cleaning brush w/ olive wood handle|ECM|ECM-OWB|24.95
gid://shopify/Product/4820554874914|ECM Polishing cloth|ECM|ECM-CLOTH|16.95
gid://shopify/Product/4820541112354|ECM Premium Stainless Steel Portafilter - 58mm - Single Spout|ECM|ECM-SSPF-S|185
gid://shopify/Product/4593802936354|ECM Set of 3 Steam Tips|ECM|ACC-ECM-3T|55
gid://shopify/Product/4593791533090|ECM 58mm Tamper w/ Olive Wood Handle|ECM|ACC-ECM-OLTMP|129.95
gid://shopify/Product/4529134665762|ECM Coffee Leveler|ECM|ACC-ECM-LT|155
gid://shopify/Product/4135421739042|ECM Stainless Steel Grinding Adjustment Gear|ECM|ECM-SGG|140
gid://shopify/Product/4135413121058|ECM Stainless Steel Hopper Lid|ECM|ECM-SSHL|95
gid://shopify/Product/4135401914402|ECM Milk Frothing Pitcher - 360 ml|ECM|ECM-MP360|50
gid://shopify/Product/4135388053538|ECM Leather Tamping Mat|ECM|ECM-LTM|39
gid://shopify/Product/1730019426338|ECM Knock Box Slim (Drawer)|ECM|ECM-KB-DR-S|175
gid://shopify/Product/598744662050|ECM Knock Box (Drawer)|ECM|ECM-KB-DR|199
gid://shopify/Product/9387660097|ECM Espresso Cups - Set of 6|ECM|ACC-ECM-CUP-ESP6|69.95
gid://shopify/Product/8660415617|ECM Caffe Latte Glass - Set of 12|ECM|ACC-ECM-GLASS-LAT|79.95
gid://shopify/Product/8656739073|ECM Flat Tamper - 58mm|ECM|ACC-ECM-TAMP58F|79
gid://shopify/Product/8656733953|ECM Convex Tamper - 58mm|ECM|ACC-ECM-TAMP58C|79
gid://shopify/Product/8656710145|ECM Tamping Stand|ECM|ECM-TS|89
gid://shopify/Product/8637493441|ECM S-Automatik 64 Burr Grinder - Stainless Steel|ECM|CG-ECM-SAUTO|1249
gid://shopify/Product/8637205953|ECM Classika PID Espresso Machine|ECM|SA-ECM-CLAS|2249
