gid://shopify/Product/7989056176162|Profitec Twist SD54 Single Dose Grinder|Profitec|PRO-SD54|1079
gid://shopify/Product/7936366968866|Profitec RIDE Dual Boiler Espresso Machine|Profitec|PRO-RIDE|3590
gid://shopify/Product/7877874057250|Profitec IMS Shower Screen|Profitec|PRO-IMS-SCR|45
gid://shopify/Product/7877873467426|Profitec Single Dose Bellow|Profitec|PRO-SDBLW|100
gid://shopify/Product/7877868683298|Profitec Barista Towels|Profitec|PRO-BAR-TW|30
gid://shopify/Product/7877864718370|Profitec Silicone Spout Attachment - Dual Spout|Profitec|PRO-PFSA-D|15
gid://shopify/Product/7877864390690|Profitec Silicone Spout Attachment - Single Spout|Profitec|PRO-PFSA-S|15
gid://shopify/Product/7868481011746|Profitec Twist A54 Espresso Grinder|Profitec|CG-PRO-A54|849
gid://shopify/Product/7844463476770|Profitec JUMP Espresso Machine|Profitec|PRO-JUMP|2799
gid://shopify/Product/7828733329442|Profitec Pro 400 Espresso Machine - White|Profitec|PRO-400-W|2599
gid://shopify/Product/7828732215330|Profitec Pro 400 Espresso Machine - Black|Profitec|PRO-400-B|2599
gid://shopify/Product/7779055304738|Profitec MOVE Espresso Machine|Profitec|PRO-MOVE-B|2999
gid://shopify/Product/7689635594274|Profitec Go Espresso Machine - Brushed Stainless Steel|Profitec|PRO-GO-BSS|1599
gid://shopify/Product/7319564353570|Profitec Espresso Cups - Set of 4|Profitec|PRO-ESP-4|95
gid://shopify/Product/7319556096034|Profitec Cappuccino Cups - Set of 4|Profitec|PRO-CAP-4|125
gid://shopify/Product/7258559414306|Profitec Valves - Set of 2 - Lever + 1 Brew Lever - Oak|Profitec|PRO-C-PR5711|155
gid://shopify/Product/7258559217698|Profitec Valves - Set of 2 - Lever + 1 Brew Lever - Concrete|Profitec|PRO-C-PR5701|230
gid://shopify/Product/7181039599650|Profitec Group Gasket - 7.8mm|Profitec|PRO-78-GG|9.95
gid://shopify/Product/7119321366562|Profitec GO Espresso Machine - Blue|Profitec|PRO-GO-BL|1599
gid://shopify/Product/7119321301026|Profitec Go Espresso Machine - Yellow|Profitec|PRO-GO-Y|1599
gid://shopify/Product/7119321071650|Profitec Go Espresso Machine - Red|Profitec|PRO-GO-R|1599
gid://shopify/Product/7119309373474|Profitec Go Espresso Machine - Black|Profitec|PRO-GO-BLK|1599
gid://shopify/Product/6998226010146|Profitec Milk Frothing Pitcher - 500 ml|Profitec|PRO-MP500|79.95
gid://shopify/Product/6993354096674|Profitec Pro 400 Espresso Machine|Profitec|PRO-400|2599
gid://shopify/Product/6990523203618|Profitec Pro 800 Espresso Machine|Profitec|PRO-800-22|4499
gid://shopify/Product/6805776465954|Profitec Pro T64 Coffee Grinder|Profitec|CG-PRO-T64|1199
gid://shopify/Product/6804051329058|Profitec Pro 500 Espresso Machine w/ Quick Steam|Profitec|SA-PRO-P500-QS|2949
gid://shopify/Product/4853953134626|Profitec Tamping Pad|Profitec|ACC-PRO-PAD|39
gid://shopify/Product/4383739772962|Profitec Pro 500 Espresso Machine w/ PID and Flow Control|Profitec|SA-PRO-PT500-FC|3049
gid://shopify/Product/4334999633954|Profitec E61 Flow Control Device|Profitec|PRO-FCD|299
gid://shopify/Product/5430583105|Profitec Pro 500 Espresso Machine w/ PID|Profitec|SA-PRO-PT500-B23|2779
gid://shopify/Product/7987858243618|Eureka Mignon Zero - Blue|Eureka|CG-EUR-Z-B|599
gid://shopify/Product/7987858210850|Eureka Mignon Zero - Pale Blue|Eureka|CG-EUR-Z-PB|599
gid://shopify/Product/7987858178082|Eureka Mignon Zero - Silver|Eureka|CG-EUR-Z-S|599
gid://shopify/Product/7987858145314|Eureka Mignon Zero - Yellow|Eureka|CG-EUR-Z-Y|599
gid://shopify/Product/7987858079778|Eureka Mignon Zero - Red|Eureka|CG-EUR-Z-R|599
gid://shopify/Product/7987852476450|Eureka Mignon Libra 65 AP Grind by Weight - Silver|Eureka|EUR-MIG-L65-S|1299
gid://shopify/Product/7987849429026|Eureka Mignon Manuale Grinder - Black|Eureka|EUR-MIN-B|399
gid://shopify/Product/7981221249058|Eureka Mignon Silenzio 55 Grinder - Yellow|Eureka|CG-EUR-SZ-55-Y|699
gid://shopify/Product/7981141950498|Eureka Mignon Zero 65 AP – Red|Eureka|EUR-MIG-Z65-R|749
gid://shopify/Product/7981141917730|Eureka Mignon Zero 65 AP – Silver|Eureka|EUR-MIG-Z65-S|749
gid://shopify/Product/7958408724514|Eureka Mignon Zero - Black w/ Black Spout|Eureka|CG-EUR-Z-BB|499
gid://shopify/Product/7958408691746|Eureka Mignon Zero - White w/ Black Spout|Eureka|CG-EUR-Z-WB|499
gid://shopify/Product/7877878022178|Eureka Digital Scale Precisa with Bluetooth|Eureka|EUR-PRI-BL|150
gid://shopify/Product/7877877858338|Eureka Mignon Glass Bean Hopper|Eureka|EUR-GLH|235
gid://shopify/Product/7850754768930|Eureka Mignon Zero 65 AP - Chrome|Eureka|EUR-MIG-Z65-C|799
gid://shopify/Product/7850754670626|Eureka Mignon Zero 65 AP - White|Eureka|EUR-MIG-Z65-W|749
gid://shopify/Product/7850745659426|Eureka Mignon Libra 65 AP Grind by Weight - Red|Eureka|EUR-MIG-L65AP-R|1299
gid://shopify/Product/7850745528354|Eureka Mignon Libra 65 AP Grind by Weight - Chrome|Eureka|EUR-MIG-L65-C|1349
gid://shopify/Product/7850745495586|Eureka Mignon Libra 65 AP Grind by Weight - Dark Teal Blue|Eureka|EUR-MIG-L65AP-TB|1299
gid://shopify/Product/7850724294690|Eureka Mignon Libra 65 AP Grind by Weight - Black|Eureka|EUR-MIG-L65-B|1299
gid://shopify/Product/7850723115042|Eureka Mignon Zero 65 AP - Black|Eureka|EUR-MIG-Z65-B|749
gid://shopify/Product/7840861487138|Eureka Blow Up System - Short Hopper|Eureka|EUR-BUS-SH|179
gid://shopify/Product/7794504859682|Eureka Oak Hopper Lid|Eureka|EUR-OAK-LID|50
gid://shopify/Product/7794504433698|Eureka Walnut Hopper Lid|Eureka|EUR-WA-LID|50
gid://shopify/Product/7794503942178|Eureka Stainless Steel Hopper Lid|Eureka|EUR-SS-LID|70
gid://shopify/Product/7794478252066|Eureka Weighing Plate for Precisa Scale|Eureka|EUR-WP-PRE|30
gid://shopify/Product/7783922728994|Eureka Mignon Libra Espresso Grinder w/ Grind by Weight - Ferrari Red|Eureka|EUR-MIG-LI-R|1099
gid://shopify/Product/7781398708258|Eureka Mignon Silenzio 55 Grinder - Pale Blue|Eureka|CG-EUR-SZ-55-PB|729
gid://shopify/Product/7781398675490|Eureka Mignon Silenzio 55 Grinder - Red|Eureka|CG-EUR-SZ-55-RE|699
gid://shopify/Product/7781398642722|Eureka Mignon Silenzio 55 Grinder - White|Eureka|CG-EUR-SZ-55-WH|699
gid://shopify/Product/7781398577186|Eureka Mignon Silenzio 55 Grinder - Silver|Eureka|CG-EUR-SZ-55-SI|699
gid://shopify/Product/7781398511650|Eureka Mignon Silenzio 55 Grinder - Amaranth|Eureka|CG-EUR-SZ-55-AM|729
gid://shopify/Product/7781361254434|Eureka Mignon Silenzio 55 Grinder - Matte Black|Eureka|CG-EUR-SZ-55-MB|699
gid://shopify/Product/7740005318690|Eureka Atom W 65 Grind By Weight Espresso Grinder - White|Eureka|EUR-ATMW-65-W|1819
gid://shopify/Product/7740004466722|Eureka Atom W 75 Grind By Weight Espresso Grinder - White|Eureka|EUR-ATMW-75-W|2359
gid://shopify/Product/7341725155362|Eureka Atom Excellence 75 Burr Grinder - Red|Eureka|EUR-ATME-75-G-R|2019
gid://shopify/Product/7337391226914|Eureka Atom Excellence 65 Grinder - Ferrari Red|Eureka|EUR-ATME-65-R|1619
gid://shopify/Product/7337380446242|Eureka Atom Excellence 65 Grinder - Grey|Eureka|EUR-ATME-65-G|1619
gid://shopify/Product/7337368846370|Eureka Atom Excellence 75 Burr Grinder - White|Eureka|EUR-ATME-75-G-W|2019
gid://shopify/Product/7337368485922|Eureka Atom Excellence 75 Burr Grinder - Matte Black|Eureka|EUR-ATME-75-G-B|2019
gid://shopify/Product/7337367404578|Eureka Atom Excellence 75 Burr Grinder - Grey|Eureka|EUR-ATME-75-G|2019
gid://shopify/Product/7273541271586|Eureka Baby Grinder - Glass + Anodized Aluminium|Eureka|CG-EUR-BG-A|299.95
gid://shopify/Product/7273540059170|Eureka Baby Grinder - Glass + Walnut|Eureka|CG-EUR-BG-W|369.95
gid://shopify/Product/7273528328226|Eureka Baby Grinder - Ceramic + Olive|Eureka|CG-EUR-BG-O|419.95
gid://shopify/Product/7207966113826|Eureka Tamping Station - Double / Walnut|Eureka|EUR-TS-D-W|125
gid://shopify/Product/7207966081058|Eureka Tamping Station - Double / Natural Oak|Eureka|EUR-TS-D-O|120
gid://shopify/Product/7175701233698|Eureka Dosing Funnel for Mignon Series Grinders - Chrome|Eureka|EUR-DF-M-C|60
gid://shopify/Product/7175699726370|Eureka Dosing Funnel for Mignon Series Grinders - Black|Eureka|EUR-DF-M-B|60
gid://shopify/Product/7174326091810|Eureka Mignon Libra Espresso Grinder w/ Grind by Weight - White|Eureka|EUR-MIG-LI-W|1099
gid://shopify/Product/7105043136546|Eureka Mignon Zero - Chrome|Eureka|CG-EUR-Z-CR|599
gid://shopify/Product/7105039564834|Eureka Mignon Zero - Matte Black|Eureka|CG-EUR-Z-MB|569
gid://shopify/Product/7105036746786|Eureka Mignon Zero - White|Eureka|CG-EUR-Z-W|569
gid://shopify/Product/7104937066530|Eureka Mignon Zero - Anthracite|Eureka|CG-EUR-Z-A|599
gid://shopify/Product/7065550585890|Eureka Zenith 65 Neo - Chrome|Eureka|CG-EUR-ZEN-C|1299
gid://shopify/Product/7022358560802|Eureka Mignon Single Dose Hopper|Eureka|EUR-MSDH|65
gid://shopify/Product/7021347209250|Eureka Precisa Smart Coffee Scale|Eureka|EUR-PRE|120
gid://shopify/Product/7014829096994|Eureka Zenith 65 Neo - White|Eureka|CG-EUR-ZEN-W|1199
gid://shopify/Product/7011525558306|Eureka Helios 65 Espresso Grinder - White|Eureka|EUR-HE-65-W|1479
gid://shopify/Product/7011521134626|Eureka Helios 65 Espresso Grinder - Chrome|Eureka|EUR-HE-65-C|1579
gid://shopify/Product/7011515269154|Eureka Mignon Brew Pro Burr Grinder - White|Eureka|EUR-BRP-W|849
gid://shopify/Product/7011503112226|Eureka Mignon Facile Grinder - White|Eureka|CG-EUR-FAC-W|449
gid://shopify/Product/6887506640930|Eureka Handbrew Cup|Eureka|EUR-HBC|55
gid://shopify/Product/6887497596962|Eureka Dosing Cup|Eureka|EUR-DC|50
gid://shopify/Product/6551195779106|Eureka Mignon Knock Box (Drawer) with Tamping Station|Eureka|ACC-EUR-KBD|179.95
gid://shopify/Product/6551145316386|Eureka Mignon Crono Burr Grinder - Matte Black|Eureka|CG-EUR-MIG-CRO|299
gid://shopify/Product/3815075905570|Eureka Mignon Facile Grinder - Black|Eureka|CG-EUR-FAC-B|449
gid://shopify/Product/5430848513|Eureka Zenith 65 Neo - Black|Eureka|CG-EUR-ZEN|1199
gid://shopify/Product/7957113405474|ECM AquaAroma Crema Water Softener Adapter Kit|ECM|ECM-AAC-A|30
gid://shopify/Product/7845812076578|ECM/Profitec AquaAroma Crema Water Softener|ECM|ECM-AAC|40
